,Unnamed: 0,url,fetch_date,active,removal_date,price,Kohdenumero,Sijainti,Tyyppi,Asuintilojen pinta-ala,Kerrokset,Tehdyt remontit,Asunnon kunto,Lämmitysjärjestelmän kuvaus,Taloyhtiön nimi,Tulevat remontit,Tontin omistus,Tontin vuokra-aika päättyy,Tontin vuokra-aika,huoneita
0,0,https://www.etuovi.com/kohde/32074348,19072025,True,,78000.0,32074348,Heinäpää,"2h, kk, kph, p",41 m²,1/6,2024 Lämmönjakokeskuksen uusinta,Hyvä,Lämmitystapa: Kaukolämpö,Isännöintitoimisto,2025 Jäteaseman päivittäminen nykystandardien mukaiseksi tarvittaessa,Vuokra,31.12.2054,,2
1,1,https://www.etuovi.com/kohde/602070,19072025,True,,108000.0,602070,Heinäpää,"2h, kk, kh",40 m²,3/5,2025 IV kanaviston puhdistus ja säätö. 2024 Asuntojen verkkovirtaan kytketyt palovaroittimet,Hyvä,Kaukolämpö,Retta Isännöinti Oy / Myllyoja Kari,Suunnitellut: Hallituksen selvitys kunnossapitotarpeista 2025-2030:,Oma,,,2
2,2,https://www.etuovi.com/kohde/80431751,19072025,True,,99500.0,80431751,Heinäpää,"2h, k, kph, parv",53 m²,3/3 (ylin kerros),1997 A-C talon ulko-ovet uusittu.,Hyvä,Kaukolämpö,"Oiva Isännöinti Oulu Oy, Pekka Kallunki, pekka.kallunki@oi.fi, 0107556233",2025 Jäteaseman päivittäminen nykystandardien mukaiseksi tarvittaessa (esim. Molok),Vuokra,31.12.2054,,2
3,3,https://www.etuovi.com/kohde/21682352,19072025,True,,279000.0,21682352,Heinäpää,4h + kk + s,80 m²,1/6,2023 Latausinfran rakentaminen autohalliin,Hyvä,Kaukolämpö,Kiinteistö-Tahkola Oulun toimipiste Pekka Punju p. 0207480290,2025 Kuntoarvion teettäminen(suunniteltu). Rakennuttajan vastuu piilevistä virheistä päättyy 2026,Oma,,,4
4,4,https://www.etuovi.com/kohde/20112745,19072025,True,,55000.0,20112745,Heinäpää,1h + k + vh,32 m²,3/3,- ikkunat uusittu 1990,Hyvä,Kaukolämpö,Oiva Isännöinti Oulu Oy / Pekka Kallunki 010 755 6233,- Parvekkeiden kuntotutkimus 2025,Vuokra,30.12.2055,,1
5,5,https://www.etuovi.com/kohde/2267800,19072025,True,,136000.0,2267800,Heinäpää,"Kerrostalo 2h, k + s",47 m²,1/4 (alin kerros),"2025 Muu - Palovaroittimien asennus (Nordic 10 - Stand alone), 2025 Korjaussuunnitelma - kunnossapitotarvesuunnitelma tehty, 2024 Ilmanvaihto - IV-kanavien nuohous ja ilmamäärien säätö, 2022 Hissi - Hissi uusittu, 2021 Katto - Harjatiivisteen uusiminen, pyörävaraston valaistuksen uusiminen, 2019 Muu - Märkätilakatselmus, 2018 Lämmitys - Alajakokeskuksen uusinta, 2017 Muu - Ulkokäytävien valaistuksen uusiminen, parkkihallin kaasulaitteiston uusiminen, 2016 Muu - Katutason pihavalaistuksen uusinta, noususulakkeiden vaihto sähköpääkeskukseen, 2015 Muu - Sadevesien ohjaus talon takana ja huoneiston 401 parvekekattorakenteen korjaus, 2012 Ilmanvaihto - IV-kanavien nuohous ja ilmamäärien säätö, 2010 Muu - Raja-aidan uusiminen",Hyvä,Kaukolämpö,"Hissi, Vinttikomero",,Oma,,,K
6,6,https://www.etuovi.com/kohde/600839,19072025,True,,110000.0,600839,Heinäpää,2h + kk + kh + parveke,48 m²,5/6,2025 IV kanaviston puhdistus ja säätö. 2024 Asuntojen verkkovirtaan kytketyt palovaroittimet,,Kaukolämpö,Retta Isännöinti Oy / Myllyoja Kari,Suunnitellut: Hallituksen selvitys kunnossapitotarpeista 2025-2030:,Oma,,,2
7,7,https://www.etuovi.com/kohde/1397574,19072025,True,,0.0,1397574,Heinäpää,"2h, k, kph / wc, vh, las. parv.","61,5 m²",3/5,"Huoneistojen ikkunat ja parvekeovet uusittu 2001, ulko-ovet 2004 ja 2008, piha-asfaltti uusittu osittain 2006, käyttövesi- ja viemäriverkoston kuntotutkimus 2010, lämmönsiirrin, patteripuolen siirrin uusittu 2011, kellariviemärit sukitettu, kerrosviemärit pinnoitettu 2013, vesi-, sähkö- ja tv/tietotekniikkaverkoston uusiminen, saunaosaston uusiminen, ilmastoinnin ja patteriverkoston perussäätö 2014, vesikaton kuntotutkimus 2015, vesikatteen korjaus ja sokkelin maalaus 2016, lasten keinu 2017, hissien uusiminen ja rappujen yhdyskäytäväovien uusiminen 2019, tonttiaidan uusiminen 2021, IV kanavien nuohous 2024",Hyvä,"Kaukolämpö, vesikeskuslämmitys","Hissi, Taloyhtiössä on sauna",Suunnitellut kunnossapito- ja muutostyöt:,Vuokra,30.12.2057,,2
8,8,https://www.etuovi.com/kohde/20445746,19072025,True,,234000.0,20445746,Heinäpää,"4h, k",116 m²,4/6,2025 Uima-altaan pintavahdin anturin uusiminen,Hyvä,Kaukolämpö,Retta Isännöinti Oy / Mika Lohi,2025 Aulan lasituksen uusiminen,Oma,,,4
9,9,https://www.etuovi.com/kohde/21637389,19072025,True,,93000.0,21637389,Heinäpää,2h + k,47 m²,2/3,- Asuntojen ikkunat ja parvekelasit uusittu 1995,Tyydyttävä,Kaukolämpö,"Retta Isännöinti Oy Minna Juntunen, Puh; 0102281968 Sähköposti; minna.juntunen@retta.fi",,Vuokra,30.12.2056,,2
10,10,https://www.etuovi.com/kohde/80431088,19072025,True,,176000.0,80431088,Heinäpää,2h + k + kh + parv,62 m²,3/5,1999 Vesikaton kate ja kattoikkunat uusittu,Hyvä,Kaukolämpö,564-5-2-1,2025 - 2026 Ilmanvaihto / IV-kanavien puhdistus ja säätö,Oma,,,2
11,11,https://www.etuovi.com/kohde/21211973,19072025,True,,149000.0,21211973,Heinäpää,2h + k + khh + lasitettu parveke,58 m²,3/3,"Huopakatto uusittu -97, parvekkeet uusittu -00, käyttövesiputkistot uusittu -06, lämmönvaihdin -07, Bauer-vedenkäsittelylaite -11, jäteasema -11, viemärin huuhtelu -12, syöksytorvet ja palotikkaat -12, ikkunat- ja parveke-ovet -14/15, patteriverkoston tasapainotus ja säätö -15/16, porraskäytävien maalaus -17. Sisäänkäyntien lisäovet -20, pyykkituvan koneen uusinta, -21 viemäreiden sukitus, -21 pihan tonttivesijohdon ja viemärikaivon koejaus + vanhojen sakokaivojen täyttö, -22 pyörävaraston valaistuksen uusinta, -22 pihan nurmialueen asfalttien korjaus, -22 sadevesikourujen korjaus, -22 sähköautojen latauskartoitus, -23 kuivausrummun hankinta pyykkitupaan, -24 palovaroittimien asennus huoneistoihin, -24 vesikaton kuntotarkastus ja huoltokorjaukset, -24 väestönsuojan tarkastus ja lakisääteisten varusteiden päivitys.",Hyvä,Kaukolämpö,Reim Oulu Päivi Similä 0207 441 772,,Oma,,,2
12,12,https://www.etuovi.com/kohde/80429382,19072025,True,,65000.0,80429382,Heinäpää,2h + k + kh,40 m²,1/2,2024 CD -talon katon puhdistus ja sammaltuho sekä palovaroittimien asennus.,Tyydyttävä,Kaukolämpö,"Reim Isännöinti, Jaana Hirvonen",Kunnossapitotarveselvityksen mukaisia suunnitelmia:,Oma,,,2
13,13,https://www.etuovi.com/kohde/80418554,19072025,True,,109500.0,80418554,Heinäpää,Oh + alkovi + kk + kh / wc + s + vh,"36,5 m²",3/4,2025 Ilmanvaihtokoneiden korjaus/uusinta,Hyvä,Kaukolämpö,564-5-4-25,Hallituksen viiden vuoden kunnossapitotarveselvityksen mukaiset,Oma,,,O
14,14,https://www.etuovi.com/kohde/1393186,19072025,True,,0.0,1393186,Heinäpää,"2h, k, kph, lasitettu parveke","61,5 m²",3/6,"Huoneistojen ikkunat ja parvekeovet uusittu 2001, ulko-ovet 2004 ja 2008, piha-asfaltti uusittu osittain 2006, käyttövesi- ja viemäriverkoston kuntotutkimus 2010, lämmönsiirrin, patteripuolen siirrin uusittu 2011, kellariviemärit sukitettu, kerrosviemärit pinnoitettu 2013, vesi-, sähkö- ja tv/tietotekniikkaverkoston uusiminen, saunaosaston uusiminen, ilmastoinnin ja patteriverkoston perussäätö 2014, vesikaton kuntotutkimus 2015, vesikatteen korjaus ja sokkelin maalaus 2016, lasten keinu 2017, hissien uusiminen ja rappujen yhdyskäytäväovien uusiminen 2019, tonttiaidan uusiminen 2021, IV kanavien nuohous 2024",Hyvä,"Kaukolämpö, vesikeskuslämmitys","Hissi, Taloyhtiössä on sauna",Suunnitellut kunnossapito- ja muutostyöt:,Vuokra,30.12.2057,,2
15,15,https://www.etuovi.com/kohde/21748978,19072025,True,,99000.0,21748978,Heinäpää,3 h + k + kph + lasit.parveke,68 m²,3/3,"Ikkunat ja parvekeovet uusittu 1989, Syöksytorvet uusittu 2000, Parvekkeet kunnostettu 2001, Vesikatto uusittu 2006, Porraskäytävät maalattu 2007, Lämmönsiirtimet uusittu 2007, Pihan peruskorjaus 2012, Pp-katokset rakennettu 2012, Ikkunapuitteiden huoltomaalaus 2013, Julkisivulevyjen huoltomaalaus 2013, Sokkelin maalaus 2013, Ulkoportaiden akryylipinnoitus 2013, Vaaka- ja pystyviemärit pinnoitettu 2013-2014, Käyttövesiputket uusittu 2016, Veden kulutusmittarit asennettu 2016, Kellarik./kuiv.huoneen pinnoitus ja maalaus 2017, Ulko-ovien ovilipat rakennettu 2018, Kerrostaso-ovet lakattu 2019, Pyöräkatokset huoltomaalattu 2019, Porraskäytävien seinien maalaus 2021-2022",Ei luokiteltu,Kaukolämpö,Isännöintipalvelu Heikki Lahti Oy Isännöitsijä: Jussi Roininen Puh. 050 471 4505 Sähköposti: jussi@hlahti.fi,"Kunnossapitotarveselvityksen mukaan: Lukituksen uusiminen, Kellari-ikkunoiden uusiminen",Oma,,,3
16,16,https://www.etuovi.com/kohde/bd6439,19072025,True,,70000.0,bd6439,Heinäpää,1h + kk,"27,5 m²",4/5,,Hyvä,,,,,,,1
17,17,https://www.etuovi.com/kohde/80427175,19072025,True,,114000.0,80427175,Heinäpää,2h + kk + kh + s + lasitettu parveke,42 m²,2/5,"2024 IV- kanavien nuohous, mittaus- ja säätö. Katolle menevän seinätikkaan nousulevyn asennus.",Hyvä,Kaukolämpö,"OIT Isännöinti Oy, Klaus Puolitaival",Kunnossapitotarveselvityksen mukaisia toimenpiteitä:,Oma,,,2
18,18,https://www.etuovi.com/kohde/599128,19072025,True,,99000.0,599128,Heinäpää,"2h, k","58,5 m²",3/3 (ylin kerros),Vesikaton huopakermi 1993.,,Kaukolämpö,Oiva Isännöinti Tuira Oy,Päätetyt: Saunan kunnostus 2025.,Oma,,,2
19,19,https://www.etuovi.com/kohde/20995328,19072025,True,,99500.0,20995328,Heinäpää,"2h, k, oh, kph / wc, lasitettu parveke","55,5 m²",3/3,"Vesikaton uusiminen 2019. Rakennusten seinien alaosien pintavaurioiden kunnostus ja maalaus, parvekkeiden (4 kpl) kunnostus ja maalaus 2018. Pihan raja-aitojen kunnostaminen/uusiminen, patteriverkoston sulkuventtiilien uusiminen kellaritiloissa 2017. Puisteluparvekkeiden kunnostus ja osittainen maalaus, elementtisaumojen korjaukset 2016. Peltikatteen korjaukset ja lumiesteiden asennus 2015. Pyörävarastojen ovien uusiminen (5 kpl), koodilukot ulko-oviin 2013. Linjasaneeraus (viemärit uusittu, käyttövesiputket uusittu, sähköistys nykyaikaistettu, yleiset tilat huoltomaalattu, taloyhtiön sauna- ja pesuhuonetilat uusittu), pihat asfaltoitu, sadevesiviemäreiden asennukset tehty, pihavalaistus uusittu, rappukäytävien maalaukset suorettu ja tasanteiden laatoitus uusittu, sisääntulon ulkoportaat ja kaiteet uusittu 2012. Autopaikkojen lisäys 2009. Lukkojen ja ulko-ovien uusiminen 2008. Vesikatteen korjauksia ja kourujen kunnostus 2006. Kaukolämmön alajakokeskus uusittu 2004. Huoneistojen ikkunat ja parvekeovet uusittu 1999. Asunnon remontit: Keittiö remontoitu 2021 ja asunnon lattiat. Pesuhuone remontoitu 2012 ja kaapistot uusittu.",Hyvä,Kaukolämpö,Kiinteistötahkola / Aleksi Lepistö p. 0207 488 224 aleksi.lepisto@kiinteistotahkola.fi,"2019 vesikaton uusiminen, suoritettu",Vuokra,30.12.2024,,2
20,20,https://www.etuovi.com/kohde/1396092,19072025,True,,119500.0,1396092,Heinäpää,"2h, k, kph / wc, parveke","50,5 m²",2/3,"1990 Julkisivu+lisäeristys,",Hyvä,"Kaukolämpö, vesikeskuslämmitys",Taloyhtiössä on sauna,Kunnossapitotarveselvitys:,Oma,,,2
21,21,https://www.etuovi.com/kohde/21388986,19072025,True,,109000.0,21388986,Heinäpää,"2h, k, wc, lasiettu parveke",50 m²,2/4,2024 Palovaroittimien uusiminen.,Hyvä,Kaukolämpö,"Ulla Pitkänen, Isännöinti Vuorma 044 753 1166",Hallituksen kunnossapitotarveselvityksen mukaan:,Oma,,,2
22,22,https://www.etuovi.com/kohde/20217489,19072025,True,,149000.0,20217489,HeinäpääLeveri,2h + k + kph + et,56 m²,1/2,Julkisivut kunnostettiin ja maalattiin 1998.,Hyvä,Sähkölämmitys,Jukka Piispanen 050 370 8535 jukka.piispanen@palolapiispanen.fi,,Oma,,,2
23,23,https://www.etuovi.com/kohde/20205626,19072025,True,,79500.0,20205626,Heinäpää,1h + kk,"30,5 m²",1/5,A-saunan lauteiden uusiminen 2024. Iv-kanaviston ja päätelaitteiden puhdistus/säätö 2024- Salaojien huuhtelu ja tarkastus 2023. Paisunta-astian uusiminen ja siirto katolta LJK:hon 2022. Käyttövesiputkien ja sähkönousujen uusiminen 2019. Uima-allaslaitteiston huuhteluputkien uusiminen 2018. Lämpimän käyttöveden ja pumppu uusittu 2018. Porraskäytävien maalauskunnostus 2016. Viemäreiden pinnoitus 2015-2016. Pohjaviemärin sukitus 2015. Vesikaton peruskorjaus 2015. Koodilukitus ulko-oviin 2013. A-portaan hissi 2013. Pyykinpesukone 2012. Raja-aita uusittu 2011. Lämmönvaihdin uusittu 2010. B-rapun kylmäkellarin kompressori uusittu 2009. Lämmitystolppien kotelot 2009. Lukitus uusittu 2002. Iv-kanavien puhdistus 2001. Parvekkeiden lasitus 2000. Ulkoiluvälinevaraston saneeraus 1999. Kadunpuolen ulko-ovet 1998. Ikkunat ja parvekeovet 1992.,Hyvä,Kaukolämpö,"Isännöintitoimisto Oiva Isännöinti Tuira Oy, Hallituskatu 26 A, 90100 Oulu. Isännöitsijä Pekka Auvinen 08 415 411 89.",Hallituksen kunnossapitotarveselvitys 2025-2029: Parvekkeiden maalauskunnostus ja syöksytorvien lisääminen parvekekattojen vedenpoistoon. Sauna/uima-allasosaston peruskunnostus. Patteriventtiilien uusiminen 2024 (kokonaishinta-arvio n. 45.000 euroa). Jäteaseman uusiminen mahdollisesti naapuritaloyhtiön kanssa. Palovaroittimien uusinta ja ottaminen yhtiön vastuulle 2025. VSS-tilan puutteiden selvittäminen ja pelastussuunnitelman päivittäminen.,Oma,,,1
24,24,https://www.etuovi.com/kohde/21029015,19072025,True,,83000.0,21029015,Heinäpää,2h + k,48 m²,3/3,Tehdyt remontit taloyhtiössä:,Tyydyttävä,Kaukolämpö,Isännöintipalvelu Heikki Lahti Oy Tomi Haapaniemi tomi@hlahti.fi,,Vuokra,30.12.2055,,2
25,25,https://www.etuovi.com/kohde/58753080,19072025,True,,138000.0,58753080,Heinäpää,"3h, k, kph, lasp","78,5 m²",Ylin kerros,2024 Muu,Hyvä,Lämmitystapa: Kaukolämpö,Jarno Hakkarainen,,Vuokra,1.1.2055,,3
26,26,https://www.etuovi.com/kohde/593061,19072025,True,,185000.0,593061,Heinäpää,"3h, k, s",70 m²,Ei tiedossa,2008 Parvekkeiden käsijohteiden pellitys.,,Kaukolämpö,Kiinteistö-Tahkola Oulu Oy,Suunnitellut: Kunnossapitotarveselvityksen mukaiset korjaustarpeet seuraavalle viidelle vuodelle:,Vuokra,,Vuokrasopimus päättyy 31.12.2060,3
27,27,https://www.etuovi.com/kohde/80421533,19072025,True,,117000.0,80421533,Heinäpää,"3h, k, kph / wc, vh, parveke","67,5 m²",1/3,A-C ulko-ovien uusiminen 1997. Lukostojen uusiminen 1999. Ikkunoiden ja parvekeovien uusiminen 2008. A-C vesikaton pinnoitus 2008. Talotekniikan linjasaneeraus+julkisivut/lisäeristys 2010. Parvekkeet peruskorjattu 2009-2010. A-C taloon koneellinen ilmanpoisto 2009-2010. Lämpimän käyttöveden vaihdin uusittu 2012. Taloyhtiöinternet (Netplaza) asennettu 2012. Ulko-ovien koodilukitus asennettu 2014. Paikoitusalueen/ajotien asfaltointi 2018. IV-kanavien puhdistus ja säätö 2021. PTS-kuntoarvio tarkastus 2022. A-C katon paikkauksia rännikourujen ja syöksytorvien uusiminen 2023. Korkean D-talon vesikaton uusiminen 2023. Patolevyjen asennus D-talon kellarin puoleinen seinusta ja A-C talon sisäpihan puoleinen seinusta 2024. Lämmönjakokeskuksen uusinta 2024.,Hyvä,Kaukolämpö,"Oiva Isännöinti Oulu Oy, Pekka Kallunki, 010 755 6233",Kunnossapitotarveselvityksellä viidelle vuodelle suunnitteilla: Väestönsuojan IVL-koneen uusiminen. Jäteaseman päivittäminen. Huoneistojen ovien vaihto + lukitus. A-B-C -talon vesikaton uusiminen.,Vuokra,31.12.2054,,3
28,28,https://www.etuovi.com/kohde/80419380,19072025,True,,109000.0,80419380,Heinäpää,"2h, kk, kph",40 m²,4/5,2005 Ikkunat ja parvekeovet uusittu.,Hyvä,Kaukolämpö,"Kiinteistötahkola, Lassi Ylikulju, lassi.ylikulju@kiinteistotahkola.fi, 0207480234","Isokadun remontti, vaikutus myös kiinteistöön 2026. Palovaroittimien asennus 2025.",Oma,,,2
29,29,https://www.etuovi.com/kohde/594553,19072025,True,,59500.0,594553,Heinäpää,"1h, kk",27 m²,Ei tiedossa,"1997 A-C talon ulko-ovet uusittu. 1999 Lukitusjärjestelmä uusittu. 2008 A-C talon vesikaton pinnoitus ja ikkunat ja asuntojen parvekeovet uusittu. 2010 parvekkeet peruskorjattu, LVIS-saneeraus ja A-C taloon koneellinen ilmanpoisto. 2012 lämpimän käyttöveden vaihdin uusittu ja taloyhtiöinternet asennettu. 2014 ulko-ovien koodilukitus asennettu. 2018 paikoitusalueen /ajotien asfaltointi. 2021 IV-kanavien puhdistus ja säätö. 2023 A-C katon paikkauksia, rännikourujen ja syöksytorvien uusiminen sekä korkean D-talon vesikaton uusiminen. Lämmönjakokeskuksen uusiminen 2024.. Asunnon remontit: Kylppäri uudistettu linjasaneerauksen yhteydessä v 2010",,Kaukolämpö,Oiva Isännöinti Oulu Oy,"Suunnitellut: Kunnossapitotarveselvitys 2024: jäteaseman päivittäminen nykystandardien mukaiseksi tarvittaessa (esim. Molok), huoneistojen ovien vaihto + lukitus, salaojituksen laittaminen kuntoon sekä sähköautojen latausvalmius 2026.",Vuokra,,Vuokrasopimus päättyy 01.01.2055,1
30,30,https://www.etuovi.com/kohde/21468071,19072025,True,,164900.0,21468071,Heinäpää,"1h, k, alk",37 m²,5/5,"2021, Latausasemavalmiuden hankinta autopaikoille",Hyvä,Kaukolämpö,Kiinteistö-Tahkola Oulu OyIsännöitsijä; Immo Rautiainen Sähköposti; immo.rautiainen@kiinteistötahkola.fi Puh; 020 748 8209,2 x vuosi: lV-koneiden suodattimien vaihto 2 x vuosi,Oma,,,1
31,31,https://www.etuovi.com/kohde/54311066,19072025,True,,198000.0,54311066,Heinäpää,"4h, k, s, lasp","88,5 m²",Ei tiedossa,SUORITETUT KORJAUKSET JA PERUSPARANNUKSET,Tyydyttävä,Lämmitystapa: Kaukolämpö,Oit Oy / Klaus Puolitaival,Asunto-osakeyhtiön hallituksen kunnossapitotarveselvitys (yhtiökokous 6.3.2025),Oma,,,4
32,32,https://www.etuovi.com/kohde/1388105,19072025,True,,141000.0,1388105,Heinäpää,"1h, kt, kph / wc, s, lasitettu parveke","35,5 m²",3/7,Huoltokirjan mukaiset toimenpiteet.,Hyvä,Kaukolämpö,Hissi,Kunnossapitotarveselvitys:,Oma,,,1
33,33,https://www.etuovi.com/kohde/20240378,19072025,True,,176000.0,20240378,Heinäpää,5h + k + sa,99 m²,2/3,2023 Lukituksen uusiminen.,Hyvä,Kaukolämpö,"Kiinteistö-Tahkola Oulu Oy | Aleksi Lepistö Lumijoentie 1, 90400 Oulu",Kunnossapitotarveselvitys: Ei tiedossa olevia.,Vuokra,30.12.2059,,5
34,34,https://www.etuovi.com/kohde/593216,19072025,True,,93000.0,593216,Heinäpää,"4h, k, kh",71 m²,2/3,"Ikkunat uusittu 1990. Käyttövesijohdot uusittu 1997. Julkisivukorjaus, lämpörappaus ja vesikate uusittu 2003. Tonttiviemärit uusittu ja sakokaivo ohitettu 2007. Kellarin viemäripumppaamo, sauna- ja pesulaosaston korjaus 2010. Liikehuoneistojen ikkunoiden ja ovien uusinta ja antennijärjestelmien uusinta 2015. Kaukolämmön lämmönvaihtimen uusinta 2018. Viemäreiden sukittaminen 2019. Pyykkituvan pyykinpesukoneen uusinta 2020. Kellarin viemäripumppaamon pumpun uusinta, pesutuvan rahastimen asentaminen 2023.. Asunnon remontit: Remontit tehty viimeksi 1980-luvulla",,Kaukolämpö,OIT Isännöinti Oy,Suunnitellut: Kunnossapitotarveselvitys ajalle 2024-2033:,Oma,,,4
35,35,https://www.etuovi.com/kohde/596368,19072025,True,,89900.0,596368,Heinäpää,"2h, kk",41 m²,3/6,"1997 A-C talon ulko-ovet uusittu. 1999 Lukitusjärjestelmä uusittu. 2008 A-C talon vesikaton pinnoitus ja ikkunat ja asuntojen parvekeovet uusittu. 2010 parvekkeet peruskorjattu, LVIS-saneeraus ja A-C taloon koneellinen ilmanpoisto. 2012 lämpimän käyttöveden vaihdin uusittu ja taloyhtiöinternet asennettu. 2014 ulko-ovien koodilukitus asennettu. 2018 paikoitusalueen /ajotien asfaltointi. 2021 IV-kanavien puhdistus ja säätö. 2023 A-C katon paikkauksia, rännikourujen ja syöksytorvien uusiminen sekä korkean D-talon vesikaton uusiminen. 2024 Lämmönjakokeskuksen uusiminen.. Asunnon remontit: Keittiö remontoitu. Lattiat uusittu ja seinät.",,Kaukolämpö,Oiva Isännöinti Oulu Oy,Suunnitellut: Suunnitellut: 2026 jäteseman päivittäminen nykystandardien mukaiseksi tarvittaessa (suositeltu),Vuokra,,Vuokrasopimus päättyy 01.01.2055,2
36,36,https://www.etuovi.com/kohde/1390292,19072025,True,,123900.0,1390292,Heinäpää,"2h, kk, kph, vh",45 m²,2/5,"Pihan puolen käytäväovi uusittu 1990. Sähkövastukset asennettu vesikouruihin 1999. Ikkunat ja parvekkeenovet uusittu 2002. Lämmönvaihdin uusittu, lämpimän käyttöveden vaihdin uusittu 2003. Julkisivut ja parvekkeet kunnostettu 2005. Kylmäkellarit poistettu käytöstä 2006. Autopaikkoja lisätty ja kotelot uusittu keloille 2007. Vesikaton huopapinnoite uusittu osittain 2009. Käyttövesiputkien uusiminen, asunto- ja pystyviemäreiden pinnoitus, puisteluparvekkeen lasittaminen 2011. Ullakkokaton seinätikkaiden uusiminen, ääneneristyslevyjen asentaminen porraskäytävään, kellarin wc- putkiston uudelleen järjestely, pyykkikone uusittu 2012. Pyörähuoneen ulko-ovi uusittu, kellarin seinien maalaus, pyörähuoneen lattian akryylipinnoitus, hissin kunnostus 2013. Betoniaidan maalauskunnostus, kellarilattian ja kellariportaiden akryylipinnoitus, saunan lauteiden ja löylyhuoneen paneloinnin uusiminen 2014. IV- kanavien puhdistus 2015. Hissin edustan ja oven pinnoitus ulkopuolelta 2016. Sadevesiviemärin sukitus 2017. Yläkaton pinnoitteen uusiminen 2019. Jäteaseman uusiminen 2019. Kylmäkellarissa olevan pohjaviemärin uusiminen 2020. Likakaivon ohittaminen 2020. Parvekkeiden vesikattojen uusiminen 2021. Elementtisaumojen uusiminen 2024.",Hyvä,Kaukolämpö,Ostajalle aiheutuvat kustannukset: Kunnossapitotarveselvityksen mukaisesti lukitusjärjestelmän uusiminen ja huoneistojen ovien uusiminen(6000e) ja porraskäytävien valaistuksen uusiminen(4000e) koko taloyhtiölle.,Kunnossapitotarveselvityksellä: 2025-2026 lukitusjärjestelmän uusiminen ja huoneistojen ovien uusiminen.2025 palovaroittimien asennus jokaiseeen asuinhuoneistoon. 2026 porraskäytävien valaistuksen uusiminen. Porraskäytävän maalaus.,Oma,,,2
37,37,https://www.etuovi.com/kohde/80399546,19072025,True,,114000.0,80399546,Heinäpää,"2h, k, kph, s, lasit.parveke",53 m²,3/3 (ylin kerros),1995 asuinhuoneistojen ikkunat ja parvekeovet uusittu. 1996 ulko-ovet uusittu. 2001 matalan puolen vesikatto maalattu. 2003 korkean puolen parvekkeet peruskunnostettu. 2006 rakennusten väliset lämmitysputket uusittu. 2007 molok-syväkeräysastiat hankittu. 2009 saunat kunnostettu. 2009 asunto- ja pystyviemärit pinnoitettu. 2009 pohjaviemäri uusittu. 2010 piha-asfaltti uusittu ja laajennettu. 2010 lämmönsiirtimet uusittu. 2011 käyttövesiputkien uusiminen. 2011 patteriventtiilit ja verkosto tasapainotettu. 2011 hissi uudistettu. 2012 autolämmityskotelot uusittu. 2012 sähköpääkeskuksen sulaketaulu uusittu. 2012 autotalliliuska saneerattu. 2012 iv-hormit puhdistettu. 2013 lukitus uusittu. 2015 raja-aita uusittu. 2015 korkean talon vesikatolle asennettu huopakate peltikatteen päälle. 2016 piha-alueen valaistuksen kunnostus. 2016 pihan korjausta. 2016 sauna- ja pesulaosaston ikkunoiden uusiminen. 2017 sokkelin loppukunnostus. 2019 porraskäytävien kunnostus. 2019 kerrostaso-ovien uusiminen. 2020 matalan puolen vesikaton maalauskunnostus. 2021 iv-hormien nuohous.,Hyvä,Kaukolämpö,"Retta Isännöinti Oy, Oulu, Minna Juntunen, minna.juntunen@retta.fi, 0102281800",Kunnossapitotarveselvityksellä viidelle vuodelle suunnitteilla: tuuletusparvekkeiden pintojen kunnostus sekä ovien ja ikkunoiden tiivistäminen.,Vuokra,30.12.2056,,2
38,38,https://www.etuovi.com/kohde/20261791,19072025,True,,169000.0,20261791,Heinäpää,2h + kt,37 m²,3/12,2021: Sähköautojen latausinfran hankkiminen,Hyvä,Kaukolämpö,immo.rautiainen@kiinteistotahkola.fi. p.02077488209,2 x vuosi Iv-koneiden suodattimien vaihto,Oma,,,2
39,39,https://www.etuovi.com/kohde/x69298,19072025,True,,99400.0,x69298,Heinäpää,Huoneisto + 3h + k + kph + p,"78,5 m²",2/3 (keskikerros),2015 Vesikaton pinnoitteen uusiminen,Hyvä,,Heikki Lahti Oy,Palovaroittimet 2025,Vuokra,,31.12.2055,H
40,40,https://www.etuovi.com/kohde/20472563,19072025,True,,288000.0,20472563,Heinäpää,3h + kt + khh + s,"69,5 m²",3/5,"Syksy 2020 Latausasemavalmiuden suunnittelu autopaikoille, 2021 Latausasemavalmiuden hankinta autopaikoille, 2023 Perusvesipumppaamojen pumppujen uusiminen (yhteishanke Puistovahdin kanssa), 2024 Autohallin ajoluiskan kattamisen suunnittelu, toteutuksesta päätetään yhtiökokouksessa",Ei luokiteltu,Kaukolämpö,Kiinteistö-Tahkola Oulu Oy Immo Rautiainen p. 020 7488209 immo.rautiainen@kiinteistotahkola.fi,,Oma,,,3
41,41,https://www.etuovi.com/kohde/20800244,19072025,True,,209500.0,20800244,Heinäpää,"3h, kk, kh, sa, las.parveke",71 m²,2/5,2012 iv-kanavien nuohous,Hyvä,Kaukolämpö,"Kiinteistö-Tahkola Oulu Oy Lumijoentie 1, 90400 Oulu Puh. 0207 480 200",2024 käynnissä latausinfran rakentaminen autopaikoille,Oma,,,3
42,42,https://www.etuovi.com/kohde/2265205,19072025,True,,75000.0,2265205,Heinäpää,Tilava kaksio Heinäpäässä,53 m²,2/3,"2025 Muu - Kunnossapitotarveselvitys 2025-2029, 2025 Muu - Kaikki vesimittarit uusittu, 2024 Muu - D-rapun porraskäytävän maalaus, lämmönjakokeskuksen tarkastus, A-talon kellaritilojen rikkinäisien korvausilma venttiilien uusiminen säätyvillä venttiileillä, huoneistokohtaiset korvausilmaventtiilit asentaminen ikkunoihin, 2023 Muu - Vuonna 2016 käynnistetty hanke rakennusoikeuden lisäämisestä lopetettu 23.8.2023. IV-kanavien nuohous., 2016 Muu - Molempien talojen tuuletusparvekkeiden ulko-ovien uusiminen, huoneistoparvekkeiden ja C-talon porraskäytäväovien uusiminen ja kellarin ja pyörävarastojen ikkunoiden uusiminen. Käynnistetty hanke rakennusoikeuden lisäämisestä, jonka mahdollistaisi matalan talon purkaminen ja rakentamalla tontille uusia rakennuksia, 2015 Hissi - D-talon hissin peruskorjaus., 2013 Lukot - Koodilukot., 2012 Katto - Matalan talon vesikaton uusiminen., 2011 Katto - D- talon vesikaton uusiminen., 2009 Piha - Asfaltoinnin uusiminen., 2008 Yleiset tilat - Molok- jätehuoltojärjestelmän käyttöönotto., 2006 Muu - Asennettu huoneistokohtaiset vesimittarit., 2006 Teleliikenneyhteydet - Antenniverkon saneeraus., 2006 Yleiset tilat - Rappukäytävien maalaus., 2005 Lämmitys - Kiinteistön maanalainen lämpöputkisto uusittu., 2005 Viemärit - Viemärit uusittu, 2005 Vesijohdot - Käyttövesiputket vaihdettu, 2003 Lukot - Lukkojen sarjoitus exec-avaimille., 2000 Lämmitys - Lämmönvaihdin uusittu., 1997 Muu - Lämpöeristettä lisätty., 1997 Julkisivu - Julkisivupinnoitteet uusittu., 1990 Ikkunat - Ikkunat uusittu.",Hyvä,Kaukolämpö,564-005-0016-0001,"2025 Muu - Parvekkeiden kuntotutkimus, palovaroittimien uusiminen, vesikaton tarkastus 2025-2026.",Vuokra,,,T
43,43,https://www.etuovi.com/kohde/20099866,19072025,True,,349000.0,20099866,Heinäpää,5h + k + s,"123,5 m²",4/4,"2023 porttikongin pilareiden ja jätekatoksen porttien maalaus, 2022 tontin ostaminen ja väestönsuojan tiiveyskoe ja tarkastus, 2019 tv-antennin vahvistimen vaihto, 2018 yhtiön 10-vuotisvastuutarkastus, porraskäytävien lattioiden pesu ja vahaus, 2017 parvekelasien huoltotyö (säätö ja tiivisteiden tarkistus/vaihto), 2016 piha-alueen kunnostaminen, 2015 pensas- ja viheralueita kunnostettu talkootyönä, pihapuita kaadettu ja karsittu naapureiden puolelta, lämmitysjärjestelmän tasapainotus, ilmanvaihtokanavien nuohous.",Hyvä,Kaukolämpö,"NET Isännöinti Oy Tarjamari Huhtala Kangaskontiontie 10, 90240 Oulu P 040 163 7647 tarjamari.huhtala@taloasema.fi","Taloyhtiön hallituksen kunnossapitotarveselvitys 2024-2028: 2025 ilmanvaihtokanavien nuohous, 2026 palovaroittimien vastuu yhtiölle, lisäksi tehdään normaalit vuosittaiset kunnostus- ja huoltotyöt.",Oma,,,5
44,44,https://www.etuovi.com/kohde/20691712,19072025,True,,154000.0,20691712,Heinäpää,2h + k + kph / wc + las.parveke,57 m²,2/5,-2005 Ikkunat ja parvekeovet uusittu,Hyvä,Kaukolämpö,"Kiinteistö-Tahkola Oulu Oy, Lassi Ylikulju, p. 020 7480234",2024 Huoneistojen märkätilatarkastukset,Oma,,,2
45,45,https://www.etuovi.com/kohde/80390431,19072025,True,,89000.0,80390431,Heinäpää,"2h, k, kph, lasitettu parveke","55,5 m²",3/3 (ylin kerros),"Asuntojen ikkunat ja parvekeovet 1999. Kaukolämmön alajakokeskus 2004. Vesikaton ja kourujen kunnostus 2006. Ulko-ovet ja lukitus 2008. Viemäreiden kuntotutkimus 2010 Linjasaneeraus 2012 (viemärit, käyttövesiputket ja taloyhtiön sauna- sekä pesuhuonetilat uusitti, pihat asfaltoitu, sadevesiviemäreiden asennukset tehty, pihavalaistus uusittu, rappukäytävien maalaus, tasanteiden laatoitus, sisääntulon ulkoportaat ja kaiteet uusittu). Koodilukot ulko-oviin ja pyörävarastojen ovet uusittu 2013. Peltikatteen korjaukset ja lumiesteiden asennus 2015. Elementtisaumojen korjaukset ja puisteluparvekkeiden kunnostus sekä osittainen maalaus 2016. Patteriverkoston sulkuventtiilien uusiminen kellaritiloissa ja piha raja-aitojen kunnostaminen/uusiminen 2017. Parvekkeiden (4kpl) kunnostus ja maalaus sekä rakennusten seinien alaosien pintavauroiden kunnostus ja maalaus 2018. Vesikaton uusiminen 2019. Lukituksen uusiminen 2023.",Hyvä,Kaukolämpö,"Kiinteistö-Tahkola Oulu Oy, Aleksi Lepistö, 0207488224",Kunnossapitotarveselvityksellä ei suunniteltuja isompia korjaustoimenpiteitä seuraavalle viidelle vuodelle.,Vuokra,30.12.2059,,2
46,46,https://www.etuovi.com/kohde/80388484,19072025,True,,169900.0,80388484,Heinäpää,"4h, k, kph / khh, wc, lasitettu parveke","85,5 m²",4/4 (ylin kerros),"Vesijohtoverkoston runkolinjojen venttiilit uusittu 2002. Ikkunoiden ja parvekeovien korjaus 2003. Julkisivun lämpörappaus 2004-2005. Parvekkeiden peruskorjaus 2005-2006. Rappukäytävät maalattu 2006. Piha-alueen viher- ja asfalttityöt 2006. IV-kanavien puhdistus, säätö ja venttiilien uusiminen 2007. Patteriverkosto tasapainotettu 2009. Vesikaton huopakatteen uusinta 2015. Kylmiön kompressoreiden ja komeroiden purku 2015. D-rapun vesikattovuotovahinkojen korjaus 2015. Talouskellareiden käyttötarkoituksen muutos 2016. Piharakennusurakka 2016. Linjaventtiilien uusiminen 2017. D-rapun pohjakerroksen lattiasaneeraus 2017. Väestönsuojan tarkastus 2017. Pesuhuoneiden saneerauskorjaukset (18kpl) 2017-2018. Salaojakaivon pumppaamon uusiminen, salaojien huuhtelu, IV-kanavien puhdistus 2020. Ikkunoiden ja parvekeovien uusiminen, huippuimurien uusiminen, IV-kanavien puhdistus ja säätö 2023. Putkistojen kuntotutkimus 2024.",Hyvä,Kaukolämpö,"Isännöinti Vuorma Oy, Ulla Pitkänen, 044 762 5000","Kunnossapitotarveselvityksellä suunnitteilla 2024-2033: Vesijohtoputkistojen uusiminen 1-3 vuoden kuluessa. Lämpöjohtoverkoston venttiileiden uusiminen ja perussäätö 1-3 vuoden kuluessa. Sokkelielementtien saumamassojen uusiminen. Kellarin lattioiden pinnoitteen uusiminen. Saunaosaston, wc-tilojen, siivouskomeron ja pesutuvan saneeraukset. Lämmitysverkon paisunta-astioiden uusiminen. Hissien perusparannus/uusiminen. Kuntoarvio ja PTS. Palovaroittimien uusiminen. Sähkökeskusten lämpökuvaus.",Oma,,,4
47,47,https://www.etuovi.com/kohde/20683877,19072025,True,,55000.0,20683877,Heinäpää,"1h, kk, kph",37 m²,2/3,"Vesikate, julkisivumaalaus, Harjapäänkadun puoleisen päätyseinän korjaus sekä ko. päädyn ikkunoiden ulkopuitteiden",Hyvä,Kaukolämpö,Isännöintitoimisto Tuiran Isännöitsijätoimisto Oy Hallituskatu 26 A 90100 Oulu Isännöitsijä Pasi Räisänen (08) 415 411 81,-Koivujen kaataminen 2024; kaatolupa-asia vieläkin kesken taloyhtiöstä riippumattomista syistä,Vuokra,30.12.2055,,1
48,48,https://www.etuovi.com/kohde/80387599,19072025,True,,59500.0,80387599,Heinäpää,1h + k + kph,31 m²,3/3 (ylin kerros),1996 asuinhuoneistojen ja liikehuoneiston ikkunat uusittu.,Hyvä,Kaukolämpö,564-5-6-6-L1,PTS-Ehdotus (KIWA),Vuokra,30.12.2045,,1
49,49,https://www.etuovi.com/kohde/590897,19072025,True,,139500.0,590897,Heinäpää,"2h, k, s",58 m²,2/4,1999 parvekkeiden vesikourut,Hyvä,Kaukolämpö,"Retta isännöinti Oy, Oulu",Suunnitellut: 2025 hissien kuntoarvio,Oma,,,2
50,50,https://www.etuovi.com/kohde/80386260,19072025,True,,129000.0,80386260,Heinäpää,3h + kk + kh + vh + parveke,59 m²,4/6,"2005 Ikkunat, parvekeovet ja pääovet uusittu, Ilmanvaihtokanavien puhdistus-säätö ja Lämmitysjärjestelmän tasapainoitus, 2006 Lukituksen uudelleen sarjoitus, 2007 Antennijärjestelmän digitalisoint, i2008 Vesivahinkokorjauksia, 2009 Bauer vedenkäsittelylaite asennettu, vesivaurio- ja viemärivuotokorjauksia ja kuntoarvin laadinta (Instaro), 2010 Kuntotutkimuksien tekeminen lisärakentamishanketta varten, 2010 - 2011 Kaavamuutos ja hankesuunnittelu käynnistetty lisärakentamisen ja korjausten osalta (Instaro), 2011 Lisätutkimukset korjaussuunnittelua varten. + Instaro Oy teki korjaussuunnittelua ja lisäkerroksen suunnittelu, jatkuu 2012 puolella. 2012 Korjaussuunnittelun loppuunsaattaminen (Instaro Oy). + B-portaassa sattuneen vesivuodon korjaukset. 2013 10 vuoden energiatodistuksen laadinta ajalle 2013 - 2023, 2013 Vesivauriokorjausta alkuvuosi 2013 ennen peruskorjaushanketta, 2013 Peruskorjaushankkeen aloitus (käyttövesi- ja viemäriputket, yms.), valmistuu 2014. 2014 Peruskorjaushanke on valmistunut. + hankitttu yhtiölle 2014 taloyhtiö -laajakaista DNA Welho Oy:tä. 2015 Päätetty suunnatusta osakeannista, jolla muutetaan A3 talonmiehen asunto osakehuoneistoksi. Päivitetty yhtiöjärjestys. 2016 Maankäyttösopimuksen sopimusmaksu maksuun huhtikuussa 2016. Rahoitetaan A3 myynnillä / uusmerkinnällä. 2017 Korjaushankkeiden suunnittelujen loppuunsaattaminen ja kilpailutus 2018 alussa, 2018 Hissien uusinta kilpailutettu, Julkisivu- ja parvekekorjaukset, vesikatto sekä autallien ovet kilpailutettu. 2018 Julkisivu-, parveke-, katto- ja at ovirermontin lisäsuunnittelut, yms.+ IV-huipparin korjaus, LJH moottoriventtiilin uusinta, yms. 2018-2019 Hissien uusinta molempiin porraskäytäviin, valmistunut tammikuu 2019.",Hyvä,Kaukolämpö,564-5-10-2-T,"Palovaroittimien hankinta asuntoihin, IV-Kanavien puhdistus ja ilmanvaihdon säätö, Lämmitysjärjestelmän tarkastus ja tasapainotus 2024",Oma,,,3
51,51,https://www.etuovi.com/kohde/589846,19072025,True,,218000.0,589846,Heinäpää,"4h, k",91 m²,3/4,1996 kadunpuoleisen vesikaton jatkaminen parvekkeiden yläpuolelle,Hyvä,Kaukolämpö,"Retta Isännöinti Oy, Oulu",Suunnitellut: 2025 ilmanvaihtokanavien puhdistus ja ilmamäärien säätö,Oma,,,4
52,52,https://www.etuovi.com/kohde/20443576,19072025,True,,119000.0,20443576,Heinäpää,"2h, k, kh / wc, s, vh, parv.","50,5 m²",3/5,"2002: parvekkeiden ulkopuolisten osien maalaus, elementtien ja ikkunoiden saumat.",Tyydyttävä,Kaukolämpö,Jussi Roininen Isännöintipalvelu Heikki Lahti Oy Torikatu 22 A 4.krs 90100 Oulu p. 050 4714505 sp. jussi@hlahti.fi,"Taloyhtiön hallituksen 5-vuotis kunnossapitotarvesuunnitelman mukaan 2024-2028: Autokatoksen betonilattioiden/pilareiden korjaukset 2024, antenniverkon uusiminen, iv-kanavien puhdistus ja ilmavirtojen säätö 2025, pihan kunnostus, asfaltin uusiminen, kallistuksen korjaus, parvekkeiden kunnostus.",Oma,,,2
53,53,https://www.etuovi.com/kohde/80360800,19072025,True,,117000.0,80360800,Heinäpää,"3h, k, s",73 m²,2/3,Rakennettu uusi jätekatos 2008.,Tyydyttävä,"Kaukolämpö, Vesikeskuslämmitys","Isännöinti Tahkola, Ilkka Moilanen, ilkka.moilanen@kiinteistotahkola.fi, 0207480258",Pihasuunnitelman toteuttaminen vaiheittain.,Oma,,,3
54,54,https://www.etuovi.com/kohde/1381011,19072025,True,,0.0,1381011,Heinäpää,"2h, k, kph, parveke","40,5 m²",6/6,"A-C talojen ulko-ovien uusiminen -97, lukitusjärjestelmän uusiminen -99, ikkunoiden ja parvekeovien uusiminen -08, A-C talojen vesikaton pinnoitus -08, parvekkeiden peruskorjaus -09-10, LVIS-saneeraus -09-10, A-C taloon koneellinen ilmanpoisto -09-10. lämpimän käyttöveden vaihdin uusittu 2012, taloyhtiön internet asennettu 2012, ulko-ovien koodilukitus asennettu 2014, paikoitusalueen/ajotien asfaltointi 2018, IV-kanavien puhdistus ja säätö 2021. A-C ja D-talon rännikourujen ja syöksytorvien uusiminen 2023. Korkean D-talon vesikaton kunnostus tai uusiminen 2023. Patolevyjen asennus D-talon kellarin puoleinen seinusta ja A-C talon sisäpihan",Hyvä,"Kaukolämpö, vesikeskuslämmitys",Taloyhtiössä on sauna,Kunnossapitotarveselvityksellä: Väestönsuojan IVL-koneen,Vuokra,30.12.2055,,2
55,55,https://www.etuovi.com/kohde/80378796,19072025,True,,59000.0,80378796,Heinäpää,"1h, kk, kph, vh",27 m²,3/6,"2024 Porraskäytävän maalaus D-rappu. 2024 2023 Vuonna 2016 käynnistetty hanke rakennusoikeuden lisäämisestä lopetettu 23.8.2023. 2023 IV-kanavien nuohous. 2016 Muu - Molempien talojen tuuletusparvekkeiden ulko-ovien uusiminen, huoneistoparvekkeiden ja C-talon porraskäytäväovien uusiminen ja kellarin ja pyörävarastojen ikkunoiden uusiminen. 2016 Käynnistetty hanke rakennusoikeuden lisäämisestä, jonka mahdollistaisi matalan talon purkaminen ja rakentamalla tontille uusia rakennuksia (Tästä päätetty ettei toteudu). 2015 D-talon hissin peruskorjaus. 2013 Koodilukot. 2012 Matalan talon vesikaton uusiminen. 2011 D- talon vesikaton uusiminen. 2009 Asfaltoinnin uusiminen. 2008 Molok- jätehuoltojärjestelmän käyttöönotto. 2006 Antenniverkon saneeraus. 2006 Rappukäytävien maalaus. 2006 Asennettu huoneistokohtaiset vesimittarit. 2005 Kiinteistön maanalainen lämpöputkisto uusittu. 2005 Käyttövesi- ja vimeräriputkistot uusittu. 2003 Lukkojen sarjoitus exec-avaimille. 2000 Lämmönvaihdin uusittu. 1997 Lämpöeristeitä lisätty. 1997 Julkisivupinnoitteet uusittu. 1990 Ikkunat uusittu.",Hyvä,Kaukolämpö,"Oiva Isännöinti Oulu Oy, Pekka Kallunki, 010 755 6233",Kunnossapito- ja korjaussuunnitelma 2024-2028: 2024 A-talon kellaritilojen rikkinäisien korvausilma venttiilien uusiminen säätyvillä venttiileillä. 2024 Huoneistokohtaiset korvausilmaventtiilit asentaminen ikkunoihin säätö huonekohtaisesti. 2025-2026 Lämmönjakokeskuksen uusiminen ja lämmönjakohuoneen tilapintojen uusiminen ja asbestipurku. 2025 Salaojitus ja patosuojaukset. 2025-2026 Vesikaton tarkastus. 2025 Viemäreiden kuvaus ja huuhtelu. 2026-2027 Sähkösaneerauksen suunnittelu. 2026-2028 Ikkuna-ja ovihuoltoa. 2026-2028 Piha-alueiden pintarakenteiden korjauksia. 2027-2030 Lämmitysputkien korjauksia / tutkimuksia. 2027-2030 Sähkösaneeraus muuttaminen 3- vaiheiseksi.,Vuokra,30.12.2055,,1
56,56,https://www.etuovi.com/kohde/585603,19072025,True,,98000.0,,,,,,,,,,,,,,
57,57,https://www.etuovi.com/kohde/1378125,19072025,True,,127000.0,1378125,Heinäpää,"4h, k, kh, vh",71 m²,1/3,1990 Ikkunat uusittu.,Hyvä,Kaukolämpö,Taloyhtiössä on sauna,"Kunnossapitotarveselvitys: 2024 Palovaroittimet yhtiön vastuulle, 2024-2026 IV kanavien puhdistus, 2025-2026 ulko-ovien huoltokorvaukset, 2025-2027 rappukäytävien ja kellarikäytävien huoltomaalaukset, asfaltin korjaukset YIT:n rakennustyömaan yhteydessä, 2025-2028 roskakatosten/molok syväkeräysjärjestelmän rakentaminen",Oma,,,4
58,58,https://www.etuovi.com/kohde/21590228,19072025,True,,189900.0,21590228,Heinäpää,2h + kt + s,"47,5 m²",7/16,"2024 Parvekelasien kuntotarkastus, käyntiportin asentaminen Uusikadun puolelle",Hyvä,Kaukolämpö,Kiinteistö-Tahkola Oulu Oy Aleksi Yppärilä Lumijoentie 1 90400 OULU aleksi.ypparila@kiinteistotahkola.fi 020 7488 252,2 x vuosi IV-koneiden suodattimien vaihto.,Oma,,,2
59,59,https://www.etuovi.com/kohde/20000240,19072025,True,,89000.0,20000240,Heinäpää,1h + kk + s + kh + lasitettu parveke,37 m²,3/3,"1999 vesikate uusittu, 2000 lämmönvaihdin uusittu, 2002 julkisivukorjaus, 2005 huoneistojen lukot uusittu ja asennettu ovipuhelimet, 2008 rakennettu uusi jätetila, 2011 antennijärjestelmän huoneistorasioiden vaihto, 2012 Ekonor lämpövahti, 2015 ilmanvaihtokanavien nuohous, 2016 piha-alueen kunnostuksen suunnittelu ja sade-, salaoja- ja jätevesiviemäröintisuunnitelmat, 2018 käyttövesiputkien uusiminen, 2018 liikehuoneiston puiston puolen ikkunoiden alapuolella olevan ulkoseinän korjaus, 2021 ulko-ovien uusiminen (parvekeovien uusiminen on päätetty jättää tekemättä toistaiseksi rakenteista löytyneen asbestin vuoksi).",Hyvä,Kaukolämpö,"Tomi Haapaniemi Isännöintipalvelu Heikki Lahti Oy Torikatu 22 A 4krs., 90100 Oulu P. 08 3117106. Sähköposti. tomi@hlahti.com",Taloyhtiön hallituksen 5-vuotis kunnossapitotarveselvityksen mukaan: Ilmanvaihdon huippuimureiden korjaaminen ja uusiminen 2023-2026.,Oma,,,1
