,Unnamed: 0.1,url,fetch_date,active,removal_date,hinta,valmistusvuosi,Kohdenumero,Tyyppi,Asuintilojen pinta-ala,Kerrokset,Tontin omistus,hoitovastike,yhtiovastike_yhteensa,huoneita,tontin_vuokra-aika,katuosoite,neliohinta,neliovastike,lat,lon
0,0,https://www.etuovi.com/kohde/21712742,25072025,True,,212000.0,1994.0,21712742,"3h, k, s",77.5,4/4,Oma,317.75,317.75,3,,Kirkkokatu 77 B,2735.483870967742,4.1,65.0040049,25.4594193
1,1,https://www.etuovi.com/kohde/20764692,25072025,True,,53000.0,1959.0,20764692,1h + kk + kph + vh,27.0,1/6,Vuokra,173.88,190.89,1,30.12.2055,Tarkka-ampujankatu 20,1962.962962962963,6.44,65.0019024,25.4602419
2,2,https://www.etuovi.com/kohde/1397908,25072025,True,,108000.0,1983.0,1397908,"1h, k, kph, s, lasit.parv.",35.5,3/3,Oma,134.9,134.9,1,,Kirkkokatu 79-81,3042.2535211267605,3.8,65.0149645,25.4748226
3,3,https://www.etuovi.com/kohde/21637389,25072025,True,,84000.0,1962.0,21637389,2h + k,47.0,2/3,Vuokra,236.43,236.43,2,30.12.2056,Tarkka-ampujankatu 16,1787.2340425531916,5.030425531914894,65.0029309,25.4563253
4,4,https://www.etuovi.com/kohde/21766801,25072025,True,,115000.0,1962.0,21766801,"2h, k, s",49.0,2/5,Oma,0.0,220.5,2,,Torikatu 51,2346.938775510204,0.0,65.0062523,25.4597908
5,5,https://www.etuovi.com/kohde/80431741,25072025,True,,124000.0,1965.0,80431741,"3h, k, kph, parv",70.5,1/3,Vuokra,205.0,430.5,3,30.12.2059,Aleksanterinkatu 58 D,1758.8652482269504,2.9078014184397163,65.0116791,25.464588
6,6,https://www.etuovi.com/kohde/32074348,25072025,True,,78000.0,1960.0,32074348,"2h, kk, kph, p",41.0,1/6,Vuokra,211.6,317.4,2,31.12.2054,Tarkka-ampujankatu 18,1902.439024390244,5.160975609756098,65.0024096,25.4582975
7,7,https://www.etuovi.com/kohde/602070,25072025,True,,108000.0,1963.0,602070,"2h, kk, kh",40.0,3/5,Oma,152.0,300.0,2,,Isokatu 69 B,2700.0,3.8,65.0088841,25.4685545
8,8,https://www.etuovi.com/kohde/80431751,25072025,True,,99500.0,1960.0,80431751,"2h, k, kph, parv",53.0,3/3 (ylin kerros),Vuokra,262.0,262.2,2,31.12.2054,Tarkka-ampujankatu 18 C,1877.3584905660373,4.943396226415095,65.0033684,25.4563352
9,9,https://www.etuovi.com/kohde/21682352,25072025,True,,279000.0,2016.0,21682352,4h + kk + s,80.0,1/6,Oma,248.0,248.0,4,,Aleksanterinkatu 71,3487.5,3.1,65.0063891,25.4576316
10,10,https://www.etuovi.com/kohde/20112745,25072025,True,,55000.0,1959.0,20112745,1h + k + vh,32.0,3/3,Vuokra,203.78,203.78,1,30.12.2055,Tarkka-Ampujankatu 20,1718.75,6.368125,65.0019024,25.4602419
11,11,https://www.etuovi.com/kohde/2267800,25072025,True,,136000.0,1997.0,2267800,"Kerrostalo 2h, k + s",47.0,1/4 (alin kerros),Oma,164.5,164.5,2,,Isokatu 89,2893.617021276596,3.5,65.0035762,25.4611128
12,12,https://www.etuovi.com/kohde/600839,25072025,True,,110000.0,1963.0,600839,2h + kk + kh + parveke,48.0,5/6,Oma,182.4,636.29,2,,Isokatu 69 B,2291.6666666666665,3.8,65.0088841,25.4685545
13,13,https://www.etuovi.com/kohde/1397574,25072025,True,,0.0,1963.0,1397574,"2h, k, kph / wc, vh, las. parv.",61.5,3/5,Vuokra,269.7,269.7,2,30.12.2057,Aleksanterinkatu 54,0.0,4.385365853658536,65.0037658,25.4502308
14,14,https://www.etuovi.com/kohde/20445746,25072025,True,,234000.0,1978.0,20445746,"4h, k",116.0,4/6,Oma,464.0,464.0,4,,Torikatu 58-60,2017.2413793103449,4.0,65.0080573,25.4614842
15,15,https://www.etuovi.com/kohde/80431088,25072025,True,,176000.0,1970.0,80431088,2h + k + kh + parv,62.0,3/5,Oma,217.0,217.0,2,,Isokatu 76 A,2838.709677419354,3.5,65.0060422,25.4635991
16,16,https://www.etuovi.com/kohde/21211973,25072025,True,,149000.0,1973.0,21211973,2h + k + khh + lasitettu parveke,58.0,3/3,Oma,284.2,346.26,2,,Puistokatu 22,2568.9655172413795,4.9,65.0054655,25.4562107
17,17,https://www.etuovi.com/kohde/80429382,25072025,True,,65000.0,1952.0,80429382,2h + k + kh,40.0,1/2,Oma,244.0,244.0,2,,Aleksanterinkatu 79 B,1625.0,6.1,65.0116791,25.464588
18,18,https://www.etuovi.com/kohde/80418554,25072025,True,,109500.0,1992.0,80418554,Oh + alkovi + kk + kh / wc + s + vh,36.5,3/4,Oma,138.7,175.2,1,,Isokatu 86 A,3000.0,3.8,65.0037981,25.4601064
19,19,https://www.etuovi.com/kohde/1393186,25072025,True,,0.0,1963.0,1393186,"2h, k, kph, lasitettu parveke",61.5,3/6,Vuokra,269.7,269.7,2,30.12.2057,Aleksanterinkatu 54,0.0,4.385365853658536,65.0037658,25.4502308
20,20,https://www.etuovi.com/kohde/21748978,25072025,True,,99000.0,1961.0,21748978,3 h + k + kph + lasit.parveke,68.0,3/3,Oma,272.0,272.0,3,,Siljonkatu 73,1455.8823529411766,4.0,65.0039976,25.4655846
21,21,https://www.etuovi.com/kohde/bd6439,25072025,True,,70000.0,1963.0,bd6439,1h + kk,27.5,4/5,,0.0,0.0,1,,Aleksanterinkatu 54 A15,2545.454545454545,0.0,65.0116791,25.464588
22,22,https://www.etuovi.com/kohde/80427175,25072025,True,,114000.0,1980.0,80427175,2h + kk + kh + s + lasitettu parveke,42.0,2/5,Oma,178.5,311.64,2,,Isokatu 78 A,2714.285714285714,4.25,65.0056444,25.4630347
23,23,https://www.etuovi.com/kohde/599128,25072025,True,,99000.0,1976.0,599128,"2h, k",58.5,3/3 (ylin kerros),Oma,245.7,245.7,2,,Tarkka-ampujankatu 31 A,1692.3076923076924,4.2,65.003519,25.4571393
24,24,https://www.etuovi.com/kohde/20995328,25072025,True,,99500.0,1965.0,20995328,"2h, k, oh, kph / wc, lasitettu parveke",55.5,3/3,Vuokra,173.6,279.76,2,30.12.2024,Aleksanterinkatu 58,1792.7927927927929,3.127927927927928,65.0032758,25.448124
25,25,https://www.etuovi.com/kohde/1396092,25072025,True,,119500.0,1958.0,1396092,"2h, k, kph / wc, parveke",50.5,2/3,Oma,202.0,202.0,2,,Kirkkokatu 56,2366.3366336633662,4.0,65.0043281,25.4588018
26,26,https://www.etuovi.com/kohde/21388986,25072025,True,,98000.0,1976.0,21388986,"2h, k, wc, lasiettu parveke",50.0,2/4,Oma,191.8,323.95,2,,Aleksanterinkatu 50,1960.0,3.836,65.0046775,25.4536114
27,27,https://www.etuovi.com/kohde/20217489,25072025,True,,149000.0,1929.0,20217489,2h + k + kph + et,56.0,1/2,Oma,123.2,207.2,2,,Peltokatu 22,2660.714285714286,2.2,65.0047436,25.4667165
28,28,https://www.etuovi.com/kohde/20205626,25072025,True,,79500.0,1972.0,20205626,1h + kk,30.5,1/5,Oma,140.3,216.55,1,,Kirkkokatu 67-69,2606.55737704918,4.6000000000000005,65.0149645,25.4748226
29,29,https://www.etuovi.com/kohde/21029015,25072025,True,,83000.0,1961.0,21029015,2h + k,48.0,3/3,Vuokra,194.88,393.24,2,30.12.2055,Tarkka-ampujankatu 14,1729.1666666666667,4.06,65.0036383,25.4543824
30,30,https://www.etuovi.com/kohde/58753080,25072025,True,,138000.0,1972.0,58753080,"3h, k, kph, lasp",78.5,Ylin kerros,Vuokra,408.0,558.0,3,1.1.2055,Aleksanterinkatu 75,1757.9617834394903,5.197452229299363,65.0051172,25.4556555
31,31,https://www.etuovi.com/kohde/593061,25072025,True,,185000.0,2002.0,593061,"3h, k, s",70.0,Ei tiedossa,Vuokra,280.0,280.0,3,Vuokrasopimus päättyy 31.12.2060,Uusikatu 88 as,2642.8571428571427,4.0,65.0,25.0
32,32,https://www.etuovi.com/kohde/80421533,25072025,False,2025-07-26,117000.0,1960.0,80421533,"3h, k, kph / wc, vh, parveke",67.5,1/3,Vuokra,308.4,331.53,3,31.12.2054,Tarkka-ampujankatu 18 C,1733.3333333333333,4.568888888888888,65.0033684,25.4563352
33,33,https://www.etuovi.com/kohde/80419380,25072025,True,,109000.0,1974.0,80419380,"2h, kk, kph",40.0,4/5,Oma,0.0,218.0,2,,Isokatu 73 A,2725.0,0.0,65.0060984,25.4649872
34,34,https://www.etuovi.com/kohde/594553,25072025,True,,59500.0,1960.0,594553,"1h, kk",27.0,Ei tiedossa,Vuokra,156.0,250.26,1,Vuokrasopimus päättyy 01.01.2055,Tarkka-ampujankatu 18 D,2203.703703703704,5.777777777777778,65.0027507,25.4574755
35,35,https://www.etuovi.com/kohde/21468071,25072025,True,,164900.0,2019.0,21468071,"1h, k, alk",37.0,5/5,Oma,114.7,999.99,1,,Isokatu 87,4456.756756756757,3.1,65.003996,25.4624652
36,36,https://www.etuovi.com/kohde/54311066,25072025,True,,198000.0,1980.0,54311066,"4h, k, s, lasp",88.5,Ei tiedossa,Oma,376.13,805.36,4,,Isokatu 78,2237.2881355932204,4.250056497175141,65.0056444,25.4630347
37,37,https://www.etuovi.com/kohde/1388105,25072025,True,,141000.0,2013.0,1388105,"1h, kt, kph / wc, s, lasitettu parveke",35.5,3/7,Oma,113.6,610.03,1,,Aleksanterinkatu 67,3971.830985915493,3.2,65.0072438,25.4588488
38,38,https://www.etuovi.com/kohde/20240378,25072025,True,,176000.0,1965.0,20240378,5h + k + sa,99.0,2/3,Vuokra,279.8,846.4,5,30.12.2059,Aleksanterinkatu 58 A 4,1777.7777777777778,2.8262626262626265,65.0116791,25.464588
39,39,https://www.etuovi.com/kohde/593216,25072025,True,,93000.0,1959.0,593216,"4h, k, kh",71.0,2/3,Oma,248.5,336.54,4,,Puistokatu 32 A,1309.8591549295777,3.5,65.0041757,25.4613025
40,40,https://www.etuovi.com/kohde/596368,25072025,True,,89900.0,1960.0,596368,"2h, kk",41.0,3/6,Vuokra,218.0,219.6,2,Vuokrasopimus päättyy 01.01.2055,Tarkka-ampujankatu 18 D,2192.682926829268,5.317073170731708,65.0027507,25.4574755
41,41,https://www.etuovi.com/kohde/1390292,25072025,True,,119000.0,1973.0,1390292,"2h, kk, kph, vh",45.0,2/5,Oma,135.0,135.0,2,,Isokatu 77,2644.4444444444443,3.0,65.0057949,25.4645405
42,42,https://www.etuovi.com/kohde/80399546,25072025,False,2025-07-26,114000.0,1962.0,80399546,"2h, k, kph, s, lasit.parveke",53.0,3/3 (ylin kerros),Vuokra,261.59,261.59,2,30.12.2056,Tarkka-ampujankatu 16 C,2150.943396226415,4.93566037735849,65.0033684,25.4563352
43,43,https://www.etuovi.com/kohde/20261791,25072025,True,,169000.0,2018.0,20261791,2h + kt,37.0,3/12,Oma,0.0,122.1,2,,Isokatu 87,4567.567567567568,0.0,65.003996,25.4624652
44,44,https://www.etuovi.com/kohde/20472563,25072025,True,,288000.0,2019.0,20472563,3h + kt + khh + s,69.5,3/5,Oma,215.45,217.2,3,,Isokatu 87,4143.884892086331,3.1,65.003996,25.4624652
45,45,https://www.etuovi.com/kohde/20800244,25072025,True,,209500.0,2003.0,20800244,"3h, kk, kh, sa, las.parveke",71.0,2/5,Oma,248.5,248.5,3,,Limingankatu 22,2950.7042253521126,3.5,65.0055924,25.4676362
46,46,https://www.etuovi.com/kohde/2265205,25072025,True,,75000.0,1959.0,2265205,Tilava kaksio Heinäpäässä,53.0,2/3,Vuokra,284.93,322.27,2,,Tarkka-Ampujankatu 20,1415.0943396226414,5.3760377358490565,65.0019024,25.4602419
47,47,https://www.etuovi.com/kohde/20099866,25072025,True,,349000.0,2008.0,20099866,5h + k + s,123.5,4/4,Oma,543.4,0.0,5,,Tarkka-ampujankatu 41,2825.910931174089,4.4,65.0024612,25.4605347
48,48,https://www.etuovi.com/kohde/20691712,25072025,True,,154000.0,1974.0,20691712,2h + k + kph / wc + las.parveke,57.0,2/5,Oma,225.15,367.65,2,,Isokatu 73,2701.754385964912,3.95,65.0060984,25.4649872
49,49,https://www.etuovi.com/kohde/80390431,25072025,True,,89000.0,1965.0,80390431,"2h, k, kph, lasitettu parveke",55.5,3/3 (ylin kerros),Vuokra,3.13,277.76,2,30.12.2059,Aleksanterinkatu 58 C,1603.6036036036037,0.0563963963963963,65.0116791,25.464588
50,50,https://www.etuovi.com/kohde/80388484,25072025,True,,169900.0,1976.0,80388484,"4h, k, kph / khh, wc, lasitettu parveke",85.5,4/4 (ylin kerros),Oma,324.9,449.72,4,,Aleksanterinkatu 50 D,1987.1345029239767,3.8,65.0116791,25.464588
51,51,https://www.etuovi.com/kohde/20683877,25072025,True,,55000.0,1958.0,20683877,"1h, kk, kph",37.0,2/3,Vuokra,266.4,388.5,1,30.12.2055,Harjapäänkatu 16,1486.4864864864865,7.199999999999999,65.0034227,25.4646327
52,52,https://www.etuovi.com/kohde/80387599,25072025,True,,59500.0,1961.0,80387599,1h + k + kph,31.0,3/3 (ylin kerros),Vuokra,153.45,153.45,1,30.12.2045,Rommakkokatu 30 B,1919.354838709677,4.949999999999999,65.0065725,25.4489148
53,53,https://www.etuovi.com/kohde/590897,25072025,True,,139500.0,1984.0,590897,"2h, k, s",58.0,2/4,Oma,174.0,205.95,2,,Torikatu 64 C,2405.172413793104,3.0,65.0154673,25.4729626
54,54,https://www.etuovi.com/kohde/80386260,25072025,True,,129000.0,1963.0,80386260,3h + kk + kh + vh + parveke,59.0,4/6,Oma,224.2,489.7,3,,Isokatu 69 B,2186.4406779661017,3.8,65.0088841,25.4685545
55,55,https://www.etuovi.com/kohde/589846,25072025,True,,218000.0,1965.0,589846,"4h, k",91.0,3/4,Oma,364.0,364.0,4,,Kirkkokatu 55 A,2395.6043956043954,4.0,65.0073598,25.4641199
56,56,https://www.etuovi.com/kohde/20443576,25072025,True,,119000.0,1984.0,20443576,"2h, k, kh / wc, s, vh, parv.",50.5,3/5,Oma,217.15,217.15,2,,Kirkkokatu 61,2356.4356435643563,4.3,65.0067138,25.4631917
57,57,https://www.etuovi.com/kohde/80360800,25072025,True,,117000.0,1981.0,80360800,"3h, k, s",73.0,2/3,Oma,292.0,335.8,3,,Torikatu 53,1602.7397260273972,4.0,65.0058545,25.4595532
58,58,https://www.etuovi.com/kohde/1381011,25072025,True,,0.0,1960.0,1381011,"2h, k, kph, parveke",40.5,6/6,Vuokra,220.4,241.1,2,30.12.2055,Tarkka-ampujankatu 18,0.0,5.441975308641975,65.0024096,25.4582975
59,59,https://www.etuovi.com/kohde/80378796,25072025,True,,59000.0,1959.0,80378796,"1h, kk, kph, vh",27.0,3/6,Vuokra,169.65,250.38,1,30.12.2055,Tarkka-ampujankatu 20 D,2185.185185185185,6.283333333333333,65.0021866,25.4594282
60,60,https://www.etuovi.com/kohde/585603,25072025,True,,98000.0,1974.0,,,,,,213.5,213.5,2,,Peltokatu 18 C,,,65.0048949,25.4668536
61,61,https://www.etuovi.com/kohde/1378125,25072025,True,,127000.0,1959.0,1378125,"4h, k, kh, vh",71.0,1/3,Oma,248.5,336.54,4,,Puistokatu 32,1788.7323943661972,3.5,65.0043076,25.4608238
62,62,https://www.etuovi.com/kohde/21590228,25072025,True,,189900.0,2018.0,21590228,2h + kt + s,47.5,7/16,Oma,156.75,0.0,2,,Isokatu 87,3997.8947368421054,3.3,65.003996,25.4624652
63,63,https://www.etuovi.com/kohde/20000240,25072025,True,,89000.0,1975.0,20000240,1h + kk + s + kh + lasitettu parveke,37.0,3/3,Oma,151.7,193.14,1,,Kirkkokatu 52,2405.4054054054054,4.1,65.0056574,25.4603252
